{
  "MRR@10": 0.8789285714285714,
  "Recall@10": 0.97,
  "Precision@5": 0.19,
  "NDCG@10": 0.9016765510708641,
  "Exact Match": 0.0,
  "F1": 0.26919473562232044,
  "ROUGE-L": 0.24031189568892022,
  "SemanticSim": 0.5096110699432237,
  "Avg Latency (s)": 45.32767118215561,
  "Max Latency (s)": 66.26792073249817
}