{
  "MRR@10": 0.80875,
  "Recall@10": 0.89,
  "Precision@5": 0.08900000000000001,
  "HitRate@10": 0.89,
  "NDCG@10": 0.8285134506978955,
  "ContextualPrecision@5": 0.17600000000000002,
  "ContextualRecall@10": 0.89,
  "Exact Match": 0.6,
  "F1": 0.6991526610644258,
  "ROUGE-L": 0.6853020541549953,
  "SemanticSim": 0.8175905088583628,
  "Avg Latency (s)": 3.4837624788284303,
  "Max Latency (s)": 8.359440088272095
}